-- phpMyAdmin SQL Dump
-- version 4.5.1
-- http://www.phpmyadmin.net
--
-- Host: 127.0.0.1
-- Generation Time: Oct 08, 2016 at 04:10 PM
-- Server version: 10.1.9-MariaDB
-- PHP Version: 5.5.30

SET SQL_MODE = "NO_AUTO_VALUE_ON_ZERO";
SET time_zone = "+00:00";


/*!40101 SET @OLD_CHARACTER_SET_CLIENT=@@CHARACTER_SET_CLIENT */;
/*!40101 SET @OLD_CHARACTER_SET_RESULTS=@@CHARACTER_SET_RESULTS */;
/*!40101 SET @OLD_COLLATION_CONNECTION=@@COLLATION_CONNECTION */;
/*!40101 SET NAMES utf8mb4 */;

--
-- Database: `fajarlabs`
--

-- --------------------------------------------------------

--
-- Table structure for table `agenda`
--

CREATE TABLE `agenda` (
  `id_agenda` int(5) NOT NULL,
  `tema` varchar(100) COLLATE latin1_general_ci NOT NULL,
  `tema_seo` varchar(100) COLLATE latin1_general_ci NOT NULL,
  `isi_agenda` text COLLATE latin1_general_ci NOT NULL,
  `tempat` varchar(100) COLLATE latin1_general_ci NOT NULL,
  `pengirim` varchar(100) COLLATE latin1_general_ci NOT NULL,
  `gambar` varchar(100) COLLATE latin1_general_ci NOT NULL,
  `tgl_mulai` date NOT NULL,
  `tgl_selesai` date NOT NULL,
  `tgl_posting` date NOT NULL,
  `jam` varchar(50) COLLATE latin1_general_ci NOT NULL,
  `dibaca` int(5) NOT NULL DEFAULT '1',
  `username` varchar(50) COLLATE latin1_general_ci NOT NULL
) ENGINE=MyISAM DEFAULT CHARSET=latin1 COLLATE=latin1_general_ci;

-- --------------------------------------------------------

--
-- Table structure for table `album`
--

CREATE TABLE `album` (
  `id_album` int(5) NOT NULL,
  `jdl_album` varchar(100) COLLATE latin1_general_ci NOT NULL,
  `album_seo` varchar(100) COLLATE latin1_general_ci NOT NULL,
  `keterangan` text COLLATE latin1_general_ci NOT NULL,
  `gbr_album` varchar(100) COLLATE latin1_general_ci NOT NULL,
  `aktif` enum('Y','N') COLLATE latin1_general_ci NOT NULL DEFAULT 'Y',
  `hits_album` int(5) NOT NULL DEFAULT '1',
  `tgl_posting` date NOT NULL,
  `jam` time NOT NULL,
  `hari` varchar(20) COLLATE latin1_general_ci NOT NULL,
  `username` varchar(50) COLLATE latin1_general_ci NOT NULL
) ENGINE=MyISAM DEFAULT CHARSET=latin1 COLLATE=latin1_general_ci;

-- --------------------------------------------------------

--
-- Table structure for table `background`
--

CREATE TABLE `background` (
  `id_background` int(5) NOT NULL,
  `gambar` varchar(255) NOT NULL
) ENGINE=MyISAM DEFAULT CHARSET=latin1;

--
-- Dumping data for table `background`
--

INSERT INTO `background` (`id_background`, `gambar`) VALUES
(1, 'bg-blue.jpg');

-- --------------------------------------------------------

--
-- Table structure for table `banner`
--

CREATE TABLE `banner` (
  `id_banner` int(5) NOT NULL,
  `judul` varchar(100) COLLATE latin1_general_ci NOT NULL,
  `url` varchar(100) COLLATE latin1_general_ci NOT NULL,
  `gambar` varchar(100) COLLATE latin1_general_ci NOT NULL,
  `tgl_posting` date NOT NULL
) ENGINE=MyISAM DEFAULT CHARSET=latin1 COLLATE=latin1_general_ci;

--
-- Dumping data for table `banner`
--

INSERT INTO `banner` (`id_banner`, `judul`, `url`, `gambar`, `tgl_posting`) VALUES
(17, 'Komunitas 80an', 'http://komunitas80an.blogspot.com', '80an.jpg', '2011-06-26'),
(14, 'Beta UFO Indonesia', '', 'betaufo.jpg', '2011-06-22'),
(18, 'Lokomedia', 'http://bukulokomedia.com', 'lokomedia2.jpg', '2011-06-26');

-- --------------------------------------------------------

--
-- Table structure for table `berita`
--

CREATE TABLE `berita` (
  `id_berita` int(5) NOT NULL,
  `id_kategori` int(5) NOT NULL,
  `username` varchar(30) COLLATE latin1_general_ci NOT NULL,
  `judul` varchar(100) COLLATE latin1_general_ci NOT NULL,
  `sub_judul` varchar(100) COLLATE latin1_general_ci NOT NULL,
  `youtube` varchar(100) COLLATE latin1_general_ci NOT NULL,
  `judul_seo` varchar(100) COLLATE latin1_general_ci NOT NULL,
  `headline` enum('Y','N') COLLATE latin1_general_ci NOT NULL DEFAULT 'Y',
  `aktif` enum('Y','N') COLLATE latin1_general_ci NOT NULL DEFAULT 'N',
  `utama` enum('Y','N') COLLATE latin1_general_ci NOT NULL DEFAULT 'Y',
  `isi_berita` text COLLATE latin1_general_ci NOT NULL,
  `keterangan_gambar` text COLLATE latin1_general_ci NOT NULL,
  `hari` varchar(20) COLLATE latin1_general_ci NOT NULL,
  `tanggal` date NOT NULL,
  `jam` time NOT NULL,
  `gambar` varchar(100) COLLATE latin1_general_ci NOT NULL,
  `dibaca` int(5) NOT NULL DEFAULT '1',
  `tag` varchar(100) COLLATE latin1_general_ci NOT NULL
) ENGINE=MyISAM DEFAULT CHARSET=latin1 COLLATE=latin1_general_ci;

-- --------------------------------------------------------

--
-- Table structure for table `download`
--

CREATE TABLE `download` (
  `id_download` int(5) NOT NULL,
  `judul` varchar(100) COLLATE latin1_general_ci NOT NULL,
  `nama_file` varchar(100) COLLATE latin1_general_ci NOT NULL,
  `tgl_posting` date NOT NULL,
  `hits` int(3) NOT NULL
) ENGINE=MyISAM DEFAULT CHARSET=latin1 COLLATE=latin1_general_ci;

--
-- Dumping data for table `download`
--

INSERT INTO `download` (`id_download`, `judul`, `nama_file`, `tgl_posting`, `hits`) VALUES
(3, 'Membuat Shopping Cart dengan PHP', 'shopping cart.pdf', '2009-02-17', 16),
(5, 'Skrip Captcha', 'captcha.rar', '2009-02-06', 15),
(1, 'Kalender Tahun 2009', 'kalender2009.rar', '2009-02-06', 19),
(8, 'Wallpaper PHP', 'PHP_weapon.jpg', '2009-10-28', 37),
(9, 'Slide  Pemrograman VBA Excell', 'Excell_VBA.ppt', '2009-11-03', 24);

-- --------------------------------------------------------

--
-- Table structure for table `gallery`
--

CREATE TABLE `gallery` (
  `id_gallery` int(5) NOT NULL,
  `id_album` int(5) NOT NULL,
  `username` varchar(50) COLLATE latin1_general_ci NOT NULL,
  `jdl_gallery` varchar(100) COLLATE latin1_general_ci NOT NULL,
  `gallery_seo` varchar(100) COLLATE latin1_general_ci NOT NULL,
  `keterangan` text COLLATE latin1_general_ci NOT NULL,
  `gbr_gallery` varchar(100) COLLATE latin1_general_ci NOT NULL
) ENGINE=MyISAM DEFAULT CHARSET=latin1 COLLATE=latin1_general_ci;

--
-- Dumping data for table `gallery`
--

INSERT INTO `gallery` (`id_gallery`, `id_album`, `username`, `jdl_gallery`, `gallery_seo`, `keterangan`, `gbr_gallery`) VALUES
(240, 30, 'admin', 'Doa Bersama', 'doa-bersama', 'Para personil Kantata tengah melakukan doa bersama sebelum pementasan.\r\n', '38kantata1.jpg'),
(239, 30, 'admin', 'Semangat Kantata', 'semangat-kantata', 'Semangat para macan-macan tua Kantata, seolah mmemberi penyadaran baru dan bagai api yang tak pernah padam.\r\n', '7kantata2.jpg'),
(238, 30, 'admin', 'Lautan Penonton', 'lautan-penonton', 'Lebih kurang dari 50.000 penonton yang memadati Stadion Gelora Bung Karno menyaksikan aksi Kantata Barock.\r\n', '7kantata3.jpg'),
(237, 30, 'admin', 'Mengenang WS. Rendra', 'mengenang-ws-rendra', 'Konser didedikasikan buat salah satu anggota Kantata Takwa, WS. Rendra. Suasana kemeriahan para artis pendukung.\r\n', '44kantata4.jpg'),
(236, 30, 'admin', 'Iwan Fals', 'iwan-fals', 'Iwan Fals yang tergabung dalam Kantata Barock bersama Setiawan Djodi dan Sawong Jabo menghibur penggemarnya di GBK.\r\n', '85kantata5.jpg'),
(235, 30, 'admin', 'Iwan dan Oemar Bakrie', 'iwan-dan-oemar-bakrie', 'Aksi penonton yang mirip dengan Iwan Fals dan sang guru Oemar Bakrie\r\n', '95kantata6.jpg'),
(234, 30, 'admin', 'Bento...Bento..!!', 'bentobento', 'Bento...Bento...Bentok...!! ....Asyikkk... begitu teriak Setiawan Djody dan Sawung Jabo yang ikuti ribuan penonton.\r\n', '32kantata7.jpg'),
(232, 29, 'admin', 'Karpet Raksasa dari Bunga 008', 'karpet-raksasa-dari-bunga-008', '', '45bungaraksasa8.jpg'),
(233, 30, 'admin', 'Sujud Syukur', 'sujud-syukur', 'Seluruh awak Kantata Barock melakukan sujud syukur di penghujung acara.<br />\r\n', '32kantata8.jpg'),
(231, 29, 'admin', 'Karpet Raksasa dari Bunga 007', 'karpet-raksasa-dari-bunga-007', '', '89bungaraksasa7.jpg'),
(230, 29, 'admin', 'Karpet Raksasa dari Bunga 006', 'karpet-raksasa-dari-bunga-006', '', '17bungaraksasa6.JPG'),
(229, 29, 'admin', 'Karpet Raksasa dari Bunga 005', 'karpet-raksasa-dari-bunga-005', '', '74bungaraksasa5.JPG'),
(228, 29, 'admin', 'Karpet Raksasa dari Bunga 004', 'karpet-raksasa-dari-bunga-004', '', '22bungaraksasa4.JPG'),
(227, 29, 'admin', 'Karpet Raksasa dari Bunga 003', 'karpet-raksasa-dari-bunga-003', '', '78bungaraksasa3.JPG'),
(225, 29, 'admin', 'Karpet Raksasa dari Bunga 001', 'karpet-raksasa-dari-bunga-001', '', '17bungaraksasa1.JPG'),
(226, 29, 'admin', 'Karpet Raksasa dari Bunga 002', 'karpet-raksasa-dari-bunga-002', '', '22bungaraksasa2.JPG'),
(224, 28, 'admin', 'Favorit', 'favorit', 'Mainan adalah barang favorit yang senantiasa diburu para pembeli. Selain murah, pilihannya pun berbagai jenis.\r\n', '34asemka10.jpg'),
(223, 28, 'admin', 'Suasana Pasar Asemka', 'suasana-pasar-asemka', 'Pasar Asemka, Jakarta, merupakan pasar grosir yang banyak menyediakan berbagai aksesoris seperti kalung, cincin, Souvenir pernakahan, dan lainnya. Di Pasara Asemka anda akan dimanjakan dengan beragam barang yang dibandrol dengan harga murah meriah dan biasanya dijual grosiran.<br />\r\n', '6asemka9.jpg'),
(222, 28, 'admin', 'Petasan', 'petasan', 'Petasan aneka jenis juga dijajakan di Pasar Asemka, Jakarta.\r\n', '2asemka8.jpg'),
(221, 28, 'admin', 'Merah Marun', 'merah-marun', 'Salah satu suvenir pernikahan nan cantik yang dijual di Pasar Asemka, Jakarta.\r\n', '82asemka4.jpg'),
(220, 28, 'admin', 'Menata Cincin', 'menata-cincin', 'Seorang pedagang cincin aksesoris sedang merapihkan letak cincin agar lebih menarik di Pasar Asemka, Jakarta.\r\n', '21asemka7.jpeg'),
(219, 28, 'admin', 'Suvenir', 'suvenir', 'Aneka Souvenir Pernikahan yang dijual di Pasar Asemka, Jakarta.\r\n', '41asemka1.jpg'),
(218, 28, 'admin', 'Seorang Wanita Pedagang', 'seorang-wanita-pedagang', 'Seorang wanita sedang menunggu kios aksesorisnya.\r\n', '7asemka6.jpeg'),
(217, 28, 'admin', 'Suasana Pasar', 'suasana-pasar', 'Suasana di Pasar Asemka yang senantiasa ramai. Dan pengunjung bebas memilih berbagai jenis aksesoris.\r\n', '22asemka5.jpeg'),
(216, 28, 'admin', 'Pedagang', 'pedagang', 'Seorang pedagang sedang membungkus souvenir penikahan yang akan dijual ataupun pesanan dari pelanggangnnya.\r\n', '84asemka2.jpg');

-- --------------------------------------------------------

--
-- Table structure for table `halamanstatis`
--

CREATE TABLE `halamanstatis` (
  `id_halaman` int(5) NOT NULL,
  `judul` varchar(100) NOT NULL,
  `judul_seo` varchar(100) NOT NULL,
  `isi_halaman` text NOT NULL,
  `tgl_posting` date NOT NULL,
  `gambar` varchar(100) NOT NULL,
  `username` varchar(50) CHARACTER SET latin1 COLLATE latin1_general_ci NOT NULL,
  `dibaca` int(5) NOT NULL DEFAULT '1',
  `jam` time NOT NULL,
  `hari` varchar(20) CHARACTER SET latin1 COLLATE latin1_general_ci NOT NULL
) ENGINE=MyISAM DEFAULT CHARSET=latin1;

-- --------------------------------------------------------

--
-- Table structure for table `header`
--

CREATE TABLE `header` (
  `id_header` int(5) NOT NULL,
  `judul` varchar(100) COLLATE latin1_general_ci NOT NULL,
  `url` varchar(100) COLLATE latin1_general_ci NOT NULL,
  `gambar` varchar(100) COLLATE latin1_general_ci NOT NULL,
  `tgl_posting` date NOT NULL
) ENGINE=MyISAM DEFAULT CHARSET=latin1 COLLATE=latin1_general_ci;

--
-- Dumping data for table `header`
--

INSERT INTO `header` (`id_header`, `judul`, `url`, `gambar`, `tgl_posting`) VALUES
(31, 'Header3', '', 'header3.jpg', '2011-04-06'),
(32, 'Header2', '', 'header1.jpg', '2011-04-06'),
(33, 'Header1', '', 'header2.jpg', '2011-04-06');

-- --------------------------------------------------------

--
-- Table structure for table `hubungi`
--

CREATE TABLE `hubungi` (
  `id_hubungi` int(5) NOT NULL,
  `nama` varchar(50) COLLATE latin1_general_ci NOT NULL,
  `email` varchar(100) COLLATE latin1_general_ci NOT NULL,
  `subjek` varchar(100) COLLATE latin1_general_ci NOT NULL,
  `pesan` text COLLATE latin1_general_ci NOT NULL,
  `tanggal` date NOT NULL,
  `jam` time NOT NULL,
  `dibaca` enum('Y','N') COLLATE latin1_general_ci NOT NULL DEFAULT 'N'
) ENGINE=MyISAM DEFAULT CHARSET=latin1 COLLATE=latin1_general_ci;

-- --------------------------------------------------------

--
-- Table structure for table `identitas`
--

CREATE TABLE `identitas` (
  `id_identitas` int(5) NOT NULL,
  `nama_website` varchar(100) NOT NULL,
  `email` varchar(100) NOT NULL,
  `url` varchar(100) CHARACTER SET latin1 COLLATE latin1_general_ci NOT NULL,
  `facebook` varchar(100) CHARACTER SET latin1 COLLATE latin1_general_ci NOT NULL,
  `rekening` varchar(100) NOT NULL,
  `no_telp` varchar(20) CHARACTER SET latin1 COLLATE latin1_general_ci NOT NULL,
  `meta_deskripsi` varchar(250) NOT NULL,
  `meta_keyword` varchar(250) NOT NULL,
  `favicon` varchar(50) NOT NULL
) ENGINE=MyISAM DEFAULT CHARSET=latin1;

--
-- Dumping data for table `identitas`
--

INSERT INTO `identitas` (`id_identitas`, `nama_website`, `email`, `url`, `facebook`, `rekening`, `no_telp`, `meta_deskripsi`, `meta_keyword`, `favicon`) VALUES
(1, 'Fajarlabs.com The Power Of ReCloning', 'admin@fajarlabs.com', 'http://localhost/fajarlabs', '', '', '089663159652', 'fajarlabs.com Situs Tutorial & Sharing', 'java, php, c, c++, tips & trik', 'github.png');

-- --------------------------------------------------------

--
-- Table structure for table `iklanatas`
--

CREATE TABLE `iklanatas` (
  `id_iklanatas` int(5) NOT NULL,
  `judul` varchar(100) COLLATE latin1_general_ci NOT NULL,
  `username` varchar(50) COLLATE latin1_general_ci NOT NULL,
  `url` varchar(100) COLLATE latin1_general_ci NOT NULL,
  `gambar` varchar(100) COLLATE latin1_general_ci NOT NULL,
  `tgl_posting` date NOT NULL
) ENGINE=MyISAM DEFAULT CHARSET=latin1 COLLATE=latin1_general_ci;

-- --------------------------------------------------------

--
-- Table structure for table `iklantengah`
--

CREATE TABLE `iklantengah` (
  `id_iklantengah` int(5) NOT NULL,
  `judul` varchar(100) COLLATE latin1_general_ci NOT NULL,
  `username` varchar(50) COLLATE latin1_general_ci NOT NULL,
  `url` varchar(100) COLLATE latin1_general_ci NOT NULL,
  `gambar` varchar(100) COLLATE latin1_general_ci NOT NULL,
  `tgl_posting` date NOT NULL
) ENGINE=MyISAM DEFAULT CHARSET=latin1 COLLATE=latin1_general_ci;

-- --------------------------------------------------------

--
-- Table structure for table `katajelek`
--

CREATE TABLE `katajelek` (
  `id_jelek` int(11) NOT NULL,
  `kata` varchar(60) COLLATE latin1_general_ci DEFAULT NULL,
  `username` varchar(50) COLLATE latin1_general_ci NOT NULL,
  `ganti` varchar(60) COLLATE latin1_general_ci DEFAULT NULL
) ENGINE=MyISAM DEFAULT CHARSET=latin1 COLLATE=latin1_general_ci;

-- --------------------------------------------------------

--
-- Table structure for table `kategori`
--

CREATE TABLE `kategori` (
  `id_kategori` int(5) NOT NULL,
  `nama_kategori` varchar(50) COLLATE latin1_general_ci NOT NULL,
  `username` varchar(50) COLLATE latin1_general_ci NOT NULL,
  `kategori_seo` varchar(100) COLLATE latin1_general_ci NOT NULL,
  `aktif` enum('Y','N') COLLATE latin1_general_ci NOT NULL DEFAULT 'Y'
) ENGINE=MyISAM DEFAULT CHARSET=latin1 COLLATE=latin1_general_ci;

-- --------------------------------------------------------

--
-- Table structure for table `komentar`
--

CREATE TABLE `komentar` (
  `id_komentar` int(5) NOT NULL,
  `id_berita` int(5) NOT NULL,
  `nama_komentar` varchar(100) COLLATE latin1_general_ci NOT NULL,
  `url` varchar(100) COLLATE latin1_general_ci NOT NULL,
  `isi_komentar` text COLLATE latin1_general_ci NOT NULL,
  `tgl` date NOT NULL,
  `jam_komentar` time NOT NULL,
  `aktif` enum('Y','N') COLLATE latin1_general_ci NOT NULL DEFAULT 'Y',
  `email` varchar(100) COLLATE latin1_general_ci NOT NULL
) ENGINE=MyISAM DEFAULT CHARSET=latin1 COLLATE=latin1_general_ci;

-- --------------------------------------------------------

--
-- Table structure for table `komentarvid`
--

CREATE TABLE `komentarvid` (
  `id_komentar` int(5) NOT NULL,
  `id_video` int(5) NOT NULL,
  `nama_komentar` varchar(100) COLLATE latin1_general_ci NOT NULL,
  `url` varchar(100) COLLATE latin1_general_ci NOT NULL,
  `isi_komentar` text COLLATE latin1_general_ci NOT NULL,
  `tgl` date NOT NULL,
  `jam_komentar` time NOT NULL,
  `aktif` enum('Y','N') COLLATE latin1_general_ci NOT NULL DEFAULT 'Y'
) ENGINE=MyISAM DEFAULT CHARSET=latin1 COLLATE=latin1_general_ci;

-- --------------------------------------------------------

--
-- Table structure for table `logo`
--

CREATE TABLE `logo` (
  `id_logo` int(5) NOT NULL,
  `gambar` varchar(100) COLLATE latin1_general_ci NOT NULL
) ENGINE=MyISAM DEFAULT CHARSET=latin1 COLLATE=latin1_general_ci;

--
-- Dumping data for table `logo`
--

INSERT INTO `logo` (`id_logo`, `gambar`) VALUES
(15, 'metro-green.png');

-- --------------------------------------------------------

--
-- Table structure for table `member`
--

CREATE TABLE `member` (
  `id_member` int(11) NOT NULL,
  `nama` varchar(100) NOT NULL,
  `email` varchar(150) NOT NULL,
  `username` varchar(50) NOT NULL,
  `password` varchar(50) NOT NULL
) ENGINE=MyISAM DEFAULT CHARSET=latin1;

-- --------------------------------------------------------

--
-- Table structure for table `menu`
--

CREATE TABLE `menu` (
  `id_menu` int(5) NOT NULL,
  `id_parent` int(5) NOT NULL DEFAULT '0',
  `nama_menu` varchar(30) NOT NULL,
  `link` varchar(100) NOT NULL,
  `css` varchar(100) NOT NULL,
  `aktif` enum('Ya','Tidak') NOT NULL DEFAULT 'Ya'
) ENGINE=MyISAM DEFAULT CHARSET=latin1;

--
-- Dumping data for table `menu`
--

INSERT INTO `menu` (`id_menu`, `id_parent`, `nama_menu`, `link`, `css`, `aktif`) VALUES
(44, 0, 'Kontak', 'kontak.html', '', 'Ya'),
(43, 0, 'Galeri', 'galeri.html', '', 'Ya'),
(42, 0, 'Profil', 'profil.html', '', 'Ya'),
(41, 0, 'Beranda', 'index.html', 'active', 'Ya');

-- --------------------------------------------------------

--
-- Table structure for table `modul`
--

CREATE TABLE `modul` (
  `id_modul` int(5) NOT NULL,
  `nama_modul` varchar(50) COLLATE latin1_general_ci NOT NULL,
  `username` varchar(50) COLLATE latin1_general_ci NOT NULL,
  `link` varchar(100) COLLATE latin1_general_ci NOT NULL,
  `static_content` text COLLATE latin1_general_ci NOT NULL,
  `gambar` varchar(100) COLLATE latin1_general_ci NOT NULL,
  `publish` enum('Y','N') COLLATE latin1_general_ci NOT NULL DEFAULT 'Y',
  `status` enum('user','admin') COLLATE latin1_general_ci NOT NULL,
  `aktif` enum('Y','N') COLLATE latin1_general_ci NOT NULL DEFAULT 'Y',
  `urutan` int(5) NOT NULL,
  `link_seo` varchar(50) COLLATE latin1_general_ci NOT NULL
) ENGINE=MyISAM DEFAULT CHARSET=latin1 COLLATE=latin1_general_ci;

--
-- Dumping data for table `modul`
--

INSERT INTO `modul` (`id_modul`, `nama_modul`, `username`, `link`, `static_content`, `gambar`, `publish`, `status`, `aktif`, `urutan`, `link_seo`) VALUES
(2, 'Manajemen User', '', '?module=user', '', '', 'N', 'admin', 'N', 22, ''),
(18, ' Berita', '', '?module=berita', '', '', 'Y', 'user', 'Y', 5, 'semua-berita.html'),
(19, 'Iklan Utama', '', '?module=banner', '', '', 'N', 'user', 'N', 9, ''),
(10, 'Manajemen Modul', '', '?module=modul', '', '', 'N', 'admin', 'N', 23, ''),
(31, 'Kategori Berita ', '', '?module=kategori', '', '', 'Y', 'user', 'Y', 6, ''),
(33, 'Jajak Pendapat', '', '?module=poling', '', '', 'N', 'admin', 'N', 18, ''),
(34, 'Tag Berita', '', '?module=tag', '', '', 'Y', 'user', 'Y', 7, ''),
(35, 'Komentar Berita', '', '?module=komentar', '', '', 'Y', 'user', 'Y', 8, ''),
(41, 'Agenda Jakarta', '', '?module=agenda', '', '', 'N', 'admin', 'N', 17, 'semua-agenda.html'),
(43, 'Berita Foto', '', '?module=album', '', '', 'Y', 'user', 'Y', 11, ''),
(44, 'Galeri Berita Foto', '', '?module=galerifoto', '', '', 'Y', 'user', 'Y', 12, ''),
(45, 'Template Web', '', '?module=templates', '', '', 'Y', 'user', 'Y', 16, ''),
(46, 'Sensor Kata', '', '?module=katajelek', '', '', 'Y', 'user', 'Y', 10, ''),
(61, 'Identitas Website', '', '?module=identitas', '', '', 'Y', 'user', 'Y', 1, ''),
(57, 'Menu Utama', '', '?module=menuutama', '', '', 'Y', 'user', 'Y', 2, ''),
(58, 'Sub Menu', '', '?module=submenu', '', '', 'Y', 'user', 'Y', 3, ''),
(59, 'Halaman Baru', '', '?module=halamanstatis', '', '', 'Y', 'user', 'Y', 4, ''),
(62, 'Video', '', '?module=video', '', '', 'Y', 'user', 'Y', 13, ''),
(63, 'Playlist Video', '', '?module=playlist', '', '', 'N', 'admin', 'N', 14, ''),
(64, 'Tag Video', '', '?module=tagvid', '', '', 'Y', 'user', 'Y', 15, ''),
(65, 'Komentar Video', '', '?module=komentarvid', '', '', 'N', 'admin', 'N', 15, ''),
(66, 'Logo Website', '', '?module=logo', '', '', 'Y', 'user', 'Y', 15, ''),
(67, 'Iklan Layanan', '', '?module=iklanatas', '', '', 'N', 'admin', 'N', 19, ''),
(68, 'Iklan Depan', '', '?module=iklantengah', '', '', 'N', 'admin', 'N', 20, ''),
(69, 'Iklan Kiri', '', '?module=pasangiklan', '', '', 'N', 'admin', 'N', 21, ''),
(70, 'Hubungi Kami', '', '?module=hubungi', '', '', 'Y', 'user', 'Y', 24, '');

-- --------------------------------------------------------

--
-- Table structure for table `mod_alamat`
--

CREATE TABLE `mod_alamat` (
  `id_alamat` int(5) NOT NULL,
  `alamat` varchar(250) CHARACTER SET latin1 COLLATE latin1_general_ci NOT NULL
) ENGINE=MyISAM DEFAULT CHARSET=latin1;

--
-- Dumping data for table `mod_alamat`
--

INSERT INTO `mod_alamat` (`id_alamat`, `alamat`) VALUES
(1, '<p>\r\nJl. Kalibata Selatan II/2B\r\n</p>\r\n<p>\r\nJakarta 12740 \r\n</p>\r\n<p>\r\nIndonesia \r\n</p>\r\n<p>\r\nTelp. 021.32972759\r\n</p>\r\n<p>\r\nEmail: <a href="mailto:rizal_fzl@yahoo.com">rizal_fzl@yahoo.com</a> \r\n</p>\r\n');

-- --------------------------------------------------------

--
-- Table structure for table `mod_ym`
--

CREATE TABLE `mod_ym` (
  `id` int(11) NOT NULL,
  `nama` varchar(255) COLLATE latin1_general_ci NOT NULL,
  `username` varchar(50) COLLATE latin1_general_ci NOT NULL
) ENGINE=MyISAM DEFAULT CHARSET=latin1 COLLATE=latin1_general_ci;

--
-- Dumping data for table `mod_ym`
--

INSERT INTO `mod_ym` (`id`, `nama`, `username`) VALUES
(1, 'Rizal Faizal', 'rizal_fzl');

-- --------------------------------------------------------

--
-- Table structure for table `pasangiklan`
--

CREATE TABLE `pasangiklan` (
  `id_pasangiklan` int(5) NOT NULL,
  `judul` varchar(100) COLLATE latin1_general_ci NOT NULL,
  `username` varchar(50) COLLATE latin1_general_ci NOT NULL,
  `url` varchar(100) COLLATE latin1_general_ci NOT NULL,
  `gambar` varchar(100) COLLATE latin1_general_ci NOT NULL,
  `tgl_posting` date NOT NULL
) ENGINE=MyISAM DEFAULT CHARSET=latin1 COLLATE=latin1_general_ci;

-- --------------------------------------------------------

--
-- Table structure for table `playlist`
--

CREATE TABLE `playlist` (
  `id_playlist` int(5) NOT NULL,
  `jdl_playlist` varchar(100) COLLATE latin1_general_ci NOT NULL,
  `username` varchar(50) COLLATE latin1_general_ci NOT NULL,
  `playlist_seo` varchar(100) COLLATE latin1_general_ci NOT NULL,
  `gbr_playlist` varchar(100) COLLATE latin1_general_ci NOT NULL,
  `aktif` enum('Y','N') COLLATE latin1_general_ci NOT NULL DEFAULT 'Y'
) ENGINE=MyISAM DEFAULT CHARSET=latin1 COLLATE=latin1_general_ci;

--
-- Dumping data for table `playlist`
--

INSERT INTO `playlist` (`id_playlist`, `jdl_playlist`, `username`, `playlist_seo`, `gbr_playlist`, `aktif`) VALUES
(50, 'POP', '', 'pop', '299267pop.jpg', 'Y'),
(49, 'OLD SCHOOL', '', 'old-school', '89854oldschool.jpg', 'Y'),
(51, 'JAZZ', '', 'jazz', '935169jazz.jpg', 'Y'),
(52, 'ROCK', '', 'rock', '50347Rock.jpg', 'Y'),
(55, 'DANGDUT', '', 'dangdut', '689891dangdut.jpg', 'Y'),
(54, 'DANCE', '', 'dance', '986101dance.jpg', 'Y'),
(56, 'WISATA INDONESIA', 'admin', 'wisata-indonesia', '575958indonesiana.jpg', 'Y'),
(57, 'Serba Serbi', 'admin', 'serba-serbi', '733489serbaserbi.jpg', 'Y');

-- --------------------------------------------------------

--
-- Table structure for table `poling`
--

CREATE TABLE `poling` (
  `id_poling` int(5) NOT NULL,
  `pilihan` varchar(100) COLLATE latin1_general_ci NOT NULL,
  `status` varchar(20) COLLATE latin1_general_ci NOT NULL,
  `username` varchar(50) COLLATE latin1_general_ci NOT NULL,
  `rating` int(5) NOT NULL DEFAULT '0',
  `aktif` enum('Y','N') COLLATE latin1_general_ci NOT NULL
) ENGINE=MyISAM DEFAULT CHARSET=latin1 COLLATE=latin1_general_ci;

-- --------------------------------------------------------

--
-- Table structure for table `sekilasinfo`
--

CREATE TABLE `sekilasinfo` (
  `id_sekilas` int(5) NOT NULL,
  `info` varchar(100) COLLATE latin1_general_ci NOT NULL,
  `tgl_posting` date NOT NULL,
  `gambar` varchar(100) COLLATE latin1_general_ci NOT NULL,
  `aktif` enum('Y','N') COLLATE latin1_general_ci NOT NULL DEFAULT 'Y'
) ENGINE=MyISAM DEFAULT CHARSET=latin1 COLLATE=latin1_general_ci;

--
-- Dumping data for table `sekilasinfo`
--

INSERT INTO `sekilasinfo` (`id_sekilas`, `info`, `tgl_posting`, `gambar`, `aktif`) VALUES
(1, 'Anak yang mengalami gangguan tidur, cenderung memakai obat2an dan alkohol berlebih saat dewasa.', '2010-04-11', '', 'Y'),
(2, 'WHO merilis, 30 persen anak-anak di dunia kecanduan menonton televisi dan bermain komputer.', '0000-00-00', '', 'Y'),
(3, 'Menurut peneliti di Detroit, orang yang selalu tersenyum lebar cenderung hidup lebih lama.', '2010-04-11', '', 'Y'),
(4, 'Menurut United Stated Trade Representatives, 25% obat yang beredar di Indonesia adalah palsu.', '2010-04-11', '', 'Y');

-- --------------------------------------------------------

--
-- Table structure for table `statistik`
--

CREATE TABLE `statistik` (
  `ip` varchar(20) NOT NULL DEFAULT '',
  `tanggal` date NOT NULL,
  `hits` int(10) NOT NULL DEFAULT '1',
  `online` varchar(255) NOT NULL
) ENGINE=MyISAM DEFAULT CHARSET=latin1;

--
-- Dumping data for table `statistik`
--

INSERT INTO `statistik` (`ip`, `tanggal`, `hits`, `online`) VALUES
('127.0.0.2', '2009-09-11', 1, '1252681630'),
('127.0.0.1', '2013-01-22', 1, '1358865974'),
('127.0.0.1', '2013-01-23', 14, '1358913313'),
('127.0.0.1', '2013-01-24', 34, '1359046647'),
('127.0.0.1', '2013-01-25', 21, '1359051663'),
('::1', '2016-09-28', 35, '1475074450'),
('::1', '2016-10-08', 7, '1475935487');

-- --------------------------------------------------------

--
-- Table structure for table `tag`
--

CREATE TABLE `tag` (
  `id_tag` int(5) NOT NULL,
  `nama_tag` varchar(100) COLLATE latin1_general_ci NOT NULL,
  `username` varchar(50) COLLATE latin1_general_ci NOT NULL,
  `tag_seo` varchar(100) COLLATE latin1_general_ci NOT NULL,
  `count` int(5) NOT NULL
) ENGINE=MyISAM DEFAULT CHARSET=latin1 COLLATE=latin1_general_ci;

-- --------------------------------------------------------

--
-- Table structure for table `tagvid`
--

CREATE TABLE `tagvid` (
  `id_tag` int(5) NOT NULL,
  `nama_tag` varchar(100) COLLATE latin1_general_ci NOT NULL,
  `username` varchar(50) COLLATE latin1_general_ci NOT NULL,
  `tag_seo` varchar(100) COLLATE latin1_general_ci NOT NULL,
  `count` int(5) NOT NULL
) ENGINE=MyISAM DEFAULT CHARSET=latin1 COLLATE=latin1_general_ci;

-- --------------------------------------------------------

--
-- Table structure for table `templates`
--

CREATE TABLE `templates` (
  `id_templates` int(5) NOT NULL,
  `judul` varchar(100) COLLATE latin1_general_ci NOT NULL,
  `username` varchar(50) COLLATE latin1_general_ci NOT NULL,
  `pembuat` varchar(50) COLLATE latin1_general_ci NOT NULL,
  `folder` varchar(50) COLLATE latin1_general_ci NOT NULL,
  `aktif` enum('Y','N') COLLATE latin1_general_ci NOT NULL DEFAULT 'N'
) ENGINE=MyISAM DEFAULT CHARSET=latin1 COLLATE=latin1_general_ci;

--
-- Dumping data for table `templates`
--

INSERT INTO `templates` (`id_templates`, `judul`, `username`, `pembuat`, `folder`, `aktif`) VALUES
(12, 'Web Portal', 'admin', 'Fajarlabs', 'layout/portal', 'Y');

-- --------------------------------------------------------

--
-- Table structure for table `users`
--

CREATE TABLE `users` (
  `username` varchar(50) COLLATE latin1_general_ci NOT NULL,
  `password` varchar(50) COLLATE latin1_general_ci NOT NULL,
  `nama_lengkap` varchar(100) COLLATE latin1_general_ci NOT NULL,
  `email` varchar(100) COLLATE latin1_general_ci NOT NULL,
  `no_telp` varchar(20) COLLATE latin1_general_ci NOT NULL,
  `foto` varchar(100) COLLATE latin1_general_ci NOT NULL,
  `level` varchar(20) COLLATE latin1_general_ci NOT NULL DEFAULT 'user',
  `blokir` enum('Y','N') COLLATE latin1_general_ci NOT NULL DEFAULT 'N',
  `id_session` varchar(100) COLLATE latin1_general_ci NOT NULL
) ENGINE=MyISAM DEFAULT CHARSET=latin1 COLLATE=latin1_general_ci;

--
-- Dumping data for table `users`
--

INSERT INTO `users` (`username`, `password`, `nama_lengkap`, `email`, `no_telp`, `foto`, `level`, `blokir`, `id_session`) VALUES
('admin', '21232f297a57a5a743894a0e4a801fc3', 'Fajarlabs', 'admin@fajarlabs.com', '', '7566fajarlabs.jpg', 'admin', 'N', 'q173s8hs1jl04st35169ccl8o7'),
('user', 'ee11cbb19052e40b07aac0ca060c23ee', 'Paijo', 'paijo@yahoo.com', '', '85IMG_8395.JPG', 'user', 'N', '5bi6b98a7r02hvh15dsog2vfo2');

-- --------------------------------------------------------

--
-- Table structure for table `users_modul`
--

CREATE TABLE `users_modul` (
  `id_umod` int(11) NOT NULL,
  `id_session` varchar(100) NOT NULL,
  `id_modul` int(11) NOT NULL
) ENGINE=MyISAM DEFAULT CHARSET=latin1;

--
-- Dumping data for table `users_modul`
--

INSERT INTO `users_modul` (`id_umod`, `id_session`, `id_modul`) VALUES
(88, '5bi6b98a7r02hvh15dsog2vfo2', 44),
(87, '5bi6b98a7r02hvh15dsog2vfo2', 43),
(102, '5bi6b98a7r02hvh15dsog2vfo2', 34),
(80, '5bi6b98a7r02hvh15dsog2vfo2', 18),
(101, '5bi6b98a7r02hvh15dsog2vfo2', 2),
(107, '5bi6b98a7r02hvh15dsog2vfo2', 18),
(108, '5bi6b98a7r02hvh15dsog2vfo2', 31),
(109, '5bi6b98a7r02hvh15dsog2vfo2', 34),
(110, '5bi6b98a7r02hvh15dsog2vfo2', 35),
(111, '5bi6b98a7r02hvh15dsog2vfo2', 43),
(112, '5bi6b98a7r02hvh15dsog2vfo2', 44),
(113, '5bi6b98a7r02hvh15dsog2vfo2', 45),
(114, '5bi6b98a7r02hvh15dsog2vfo2', 46),
(115, '5bi6b98a7r02hvh15dsog2vfo2', 61),
(116, '5bi6b98a7r02hvh15dsog2vfo2', 57),
(117, '5bi6b98a7r02hvh15dsog2vfo2', 58),
(118, '5bi6b98a7r02hvh15dsog2vfo2', 59),
(119, '5bi6b98a7r02hvh15dsog2vfo2', 62),
(120, '5bi6b98a7r02hvh15dsog2vfo2', 64),
(121, '5bi6b98a7r02hvh15dsog2vfo2', 66),
(122, '5bi6b98a7r02hvh15dsog2vfo2', 70);

-- --------------------------------------------------------

--
-- Table structure for table `video`
--

CREATE TABLE `video` (
  `id_video` int(5) NOT NULL,
  `id_playlist` int(5) NOT NULL,
  `username` varchar(30) COLLATE latin1_general_ci NOT NULL,
  `jdl_video` varchar(100) COLLATE latin1_general_ci NOT NULL,
  `video_seo` varchar(100) COLLATE latin1_general_ci NOT NULL,
  `keterangan` text COLLATE latin1_general_ci NOT NULL,
  `gbr_video` varchar(100) COLLATE latin1_general_ci NOT NULL,
  `video` varchar(100) COLLATE latin1_general_ci NOT NULL,
  `youtube` varchar(100) COLLATE latin1_general_ci NOT NULL,
  `dilihat` int(7) NOT NULL DEFAULT '1',
  `hari` varchar(20) COLLATE latin1_general_ci NOT NULL,
  `tanggal` date NOT NULL,
  `jam` time NOT NULL,
  `tagvid` varchar(100) COLLATE latin1_general_ci NOT NULL
) ENGINE=MyISAM DEFAULT CHARSET=latin1 COLLATE=latin1_general_ci;

--
-- Indexes for dumped tables
--

--
-- Indexes for table `agenda`
--
ALTER TABLE `agenda`
  ADD PRIMARY KEY (`id_agenda`);

--
-- Indexes for table `album`
--
ALTER TABLE `album`
  ADD PRIMARY KEY (`id_album`);

--
-- Indexes for table `background`
--
ALTER TABLE `background`
  ADD PRIMARY KEY (`id_background`);

--
-- Indexes for table `banner`
--
ALTER TABLE `banner`
  ADD PRIMARY KEY (`id_banner`);

--
-- Indexes for table `berita`
--
ALTER TABLE `berita`
  ADD PRIMARY KEY (`id_berita`);

--
-- Indexes for table `download`
--
ALTER TABLE `download`
  ADD PRIMARY KEY (`id_download`);

--
-- Indexes for table `gallery`
--
ALTER TABLE `gallery`
  ADD PRIMARY KEY (`id_gallery`);

--
-- Indexes for table `halamanstatis`
--
ALTER TABLE `halamanstatis`
  ADD PRIMARY KEY (`id_halaman`);

--
-- Indexes for table `header`
--
ALTER TABLE `header`
  ADD PRIMARY KEY (`id_header`);

--
-- Indexes for table `hubungi`
--
ALTER TABLE `hubungi`
  ADD PRIMARY KEY (`id_hubungi`);

--
-- Indexes for table `identitas`
--
ALTER TABLE `identitas`
  ADD PRIMARY KEY (`id_identitas`);

--
-- Indexes for table `iklanatas`
--
ALTER TABLE `iklanatas`
  ADD PRIMARY KEY (`id_iklanatas`);

--
-- Indexes for table `iklantengah`
--
ALTER TABLE `iklantengah`
  ADD PRIMARY KEY (`id_iklantengah`);

--
-- Indexes for table `katajelek`
--
ALTER TABLE `katajelek`
  ADD PRIMARY KEY (`id_jelek`);

--
-- Indexes for table `kategori`
--
ALTER TABLE `kategori`
  ADD PRIMARY KEY (`id_kategori`);

--
-- Indexes for table `komentar`
--
ALTER TABLE `komentar`
  ADD PRIMARY KEY (`id_komentar`);

--
-- Indexes for table `komentarvid`
--
ALTER TABLE `komentarvid`
  ADD PRIMARY KEY (`id_komentar`);

--
-- Indexes for table `logo`
--
ALTER TABLE `logo`
  ADD PRIMARY KEY (`id_logo`);

--
-- Indexes for table `member`
--
ALTER TABLE `member`
  ADD PRIMARY KEY (`id_member`);

--
-- Indexes for table `menu`
--
ALTER TABLE `menu`
  ADD PRIMARY KEY (`id_menu`);

--
-- Indexes for table `modul`
--
ALTER TABLE `modul`
  ADD PRIMARY KEY (`id_modul`);

--
-- Indexes for table `mod_alamat`
--
ALTER TABLE `mod_alamat`
  ADD PRIMARY KEY (`id_alamat`);

--
-- Indexes for table `mod_ym`
--
ALTER TABLE `mod_ym`
  ADD PRIMARY KEY (`id`);

--
-- Indexes for table `pasangiklan`
--
ALTER TABLE `pasangiklan`
  ADD PRIMARY KEY (`id_pasangiklan`);

--
-- Indexes for table `playlist`
--
ALTER TABLE `playlist`
  ADD PRIMARY KEY (`id_playlist`);

--
-- Indexes for table `poling`
--
ALTER TABLE `poling`
  ADD PRIMARY KEY (`id_poling`);

--
-- Indexes for table `sekilasinfo`
--
ALTER TABLE `sekilasinfo`
  ADD PRIMARY KEY (`id_sekilas`);

--
-- Indexes for table `tag`
--
ALTER TABLE `tag`
  ADD PRIMARY KEY (`id_tag`);

--
-- Indexes for table `tagvid`
--
ALTER TABLE `tagvid`
  ADD PRIMARY KEY (`id_tag`);

--
-- Indexes for table `templates`
--
ALTER TABLE `templates`
  ADD PRIMARY KEY (`id_templates`);

--
-- Indexes for table `users`
--
ALTER TABLE `users`
  ADD PRIMARY KEY (`username`);

--
-- Indexes for table `users_modul`
--
ALTER TABLE `users_modul`
  ADD PRIMARY KEY (`id_umod`);

--
-- Indexes for table `video`
--
ALTER TABLE `video`
  ADD PRIMARY KEY (`id_video`);

--
-- AUTO_INCREMENT for dumped tables
--

--
-- AUTO_INCREMENT for table `agenda`
--
ALTER TABLE `agenda`
  MODIFY `id_agenda` int(5) NOT NULL AUTO_INCREMENT, AUTO_INCREMENT=65;
--
-- AUTO_INCREMENT for table `album`
--
ALTER TABLE `album`
  MODIFY `id_album` int(5) NOT NULL AUTO_INCREMENT, AUTO_INCREMENT=32;
--
-- AUTO_INCREMENT for table `background`
--
ALTER TABLE `background`
  MODIFY `id_background` int(5) NOT NULL AUTO_INCREMENT, AUTO_INCREMENT=2;
--
-- AUTO_INCREMENT for table `banner`
--
ALTER TABLE `banner`
  MODIFY `id_banner` int(5) NOT NULL AUTO_INCREMENT, AUTO_INCREMENT=19;
--
-- AUTO_INCREMENT for table `berita`
--
ALTER TABLE `berita`
  MODIFY `id_berita` int(5) NOT NULL AUTO_INCREMENT, AUTO_INCREMENT=655;
--
-- AUTO_INCREMENT for table `download`
--
ALTER TABLE `download`
  MODIFY `id_download` int(5) NOT NULL AUTO_INCREMENT, AUTO_INCREMENT=10;
--
-- AUTO_INCREMENT for table `gallery`
--
ALTER TABLE `gallery`
  MODIFY `id_gallery` int(5) NOT NULL AUTO_INCREMENT, AUTO_INCREMENT=241;
--
-- AUTO_INCREMENT for table `halamanstatis`
--
ALTER TABLE `halamanstatis`
  MODIFY `id_halaman` int(5) NOT NULL AUTO_INCREMENT, AUTO_INCREMENT=28;
--
-- AUTO_INCREMENT for table `header`
--
ALTER TABLE `header`
  MODIFY `id_header` int(5) NOT NULL AUTO_INCREMENT, AUTO_INCREMENT=34;
--
-- AUTO_INCREMENT for table `hubungi`
--
ALTER TABLE `hubungi`
  MODIFY `id_hubungi` int(5) NOT NULL AUTO_INCREMENT, AUTO_INCREMENT=34;
--
-- AUTO_INCREMENT for table `identitas`
--
ALTER TABLE `identitas`
  MODIFY `id_identitas` int(5) NOT NULL AUTO_INCREMENT, AUTO_INCREMENT=2;
--
-- AUTO_INCREMENT for table `iklanatas`
--
ALTER TABLE `iklanatas`
  MODIFY `id_iklanatas` int(5) NOT NULL AUTO_INCREMENT, AUTO_INCREMENT=36;
--
-- AUTO_INCREMENT for table `iklantengah`
--
ALTER TABLE `iklantengah`
  MODIFY `id_iklantengah` int(5) NOT NULL AUTO_INCREMENT, AUTO_INCREMENT=32;
--
-- AUTO_INCREMENT for table `katajelek`
--
ALTER TABLE `katajelek`
  MODIFY `id_jelek` int(11) NOT NULL AUTO_INCREMENT, AUTO_INCREMENT=5;
--
-- AUTO_INCREMENT for table `kategori`
--
ALTER TABLE `kategori`
  MODIFY `id_kategori` int(5) NOT NULL AUTO_INCREMENT, AUTO_INCREMENT=54;
--
-- AUTO_INCREMENT for table `komentar`
--
ALTER TABLE `komentar`
  MODIFY `id_komentar` int(5) NOT NULL AUTO_INCREMENT, AUTO_INCREMENT=138;
--
-- AUTO_INCREMENT for table `komentarvid`
--
ALTER TABLE `komentarvid`
  MODIFY `id_komentar` int(5) NOT NULL AUTO_INCREMENT, AUTO_INCREMENT=107;
--
-- AUTO_INCREMENT for table `logo`
--
ALTER TABLE `logo`
  MODIFY `id_logo` int(5) NOT NULL AUTO_INCREMENT, AUTO_INCREMENT=18;
--
-- AUTO_INCREMENT for table `member`
--
ALTER TABLE `member`
  MODIFY `id_member` int(11) NOT NULL AUTO_INCREMENT;
--
-- AUTO_INCREMENT for table `menu`
--
ALTER TABLE `menu`
  MODIFY `id_menu` int(5) NOT NULL AUTO_INCREMENT, AUTO_INCREMENT=46;
--
-- AUTO_INCREMENT for table `modul`
--
ALTER TABLE `modul`
  MODIFY `id_modul` int(5) NOT NULL AUTO_INCREMENT, AUTO_INCREMENT=71;
--
-- AUTO_INCREMENT for table `mod_alamat`
--
ALTER TABLE `mod_alamat`
  MODIFY `id_alamat` int(5) NOT NULL AUTO_INCREMENT, AUTO_INCREMENT=2;
--
-- AUTO_INCREMENT for table `mod_ym`
--
ALTER TABLE `mod_ym`
  MODIFY `id` int(11) NOT NULL AUTO_INCREMENT, AUTO_INCREMENT=2;
--
-- AUTO_INCREMENT for table `pasangiklan`
--
ALTER TABLE `pasangiklan`
  MODIFY `id_pasangiklan` int(5) NOT NULL AUTO_INCREMENT, AUTO_INCREMENT=29;
--
-- AUTO_INCREMENT for table `playlist`
--
ALTER TABLE `playlist`
  MODIFY `id_playlist` int(5) NOT NULL AUTO_INCREMENT, AUTO_INCREMENT=58;
--
-- AUTO_INCREMENT for table `poling`
--
ALTER TABLE `poling`
  MODIFY `id_poling` int(5) NOT NULL AUTO_INCREMENT, AUTO_INCREMENT=30;
--
-- AUTO_INCREMENT for table `sekilasinfo`
--
ALTER TABLE `sekilasinfo`
  MODIFY `id_sekilas` int(5) NOT NULL AUTO_INCREMENT, AUTO_INCREMENT=10;
--
-- AUTO_INCREMENT for table `tag`
--
ALTER TABLE `tag`
  MODIFY `id_tag` int(5) NOT NULL AUTO_INCREMENT, AUTO_INCREMENT=49;
--
-- AUTO_INCREMENT for table `tagvid`
--
ALTER TABLE `tagvid`
  MODIFY `id_tag` int(5) NOT NULL AUTO_INCREMENT, AUTO_INCREMENT=34;
--
-- AUTO_INCREMENT for table `templates`
--
ALTER TABLE `templates`
  MODIFY `id_templates` int(5) NOT NULL AUTO_INCREMENT, AUTO_INCREMENT=17;
--
-- AUTO_INCREMENT for table `users_modul`
--
ALTER TABLE `users_modul`
  MODIFY `id_umod` int(11) NOT NULL AUTO_INCREMENT, AUTO_INCREMENT=123;
--
-- AUTO_INCREMENT for table `video`
--
ALTER TABLE `video`
  MODIFY `id_video` int(5) NOT NULL AUTO_INCREMENT, AUTO_INCREMENT=157;
/*!40101 SET CHARACTER_SET_CLIENT=@OLD_CHARACTER_SET_CLIENT */;
/*!40101 SET CHARACTER_SET_RESULTS=@OLD_CHARACTER_SET_RESULTS */;
/*!40101 SET COLLATION_CONNECTION=@OLD_COLLATION_CONNECTION */;
